﻿Név,Pozició,Tapasztalat,Cég,Kezdés,Vég,Szak,Egyetem,Kezdés,Vég,Oklevél,Kiállító,Dátum
Antal Márk,Spirit Marketing Specialist at Coca-Cola Hellenic Bottling Company,Budapest University of Technology and Economics,Master's degree; Marketing,Dunaharaszti; Pest; Hungary,,Master's degree; Marketing,SAP Products,2021 ,  2023,,,,
Sara Balint,Talent Management Supervisor at Youth Business Group,Corvinus University of Budapest,Bachelor's degree; International Business,Jan 2021 , Present,Bachelor's degree; International Business,Corvinus University of Budapest,2018 ,  2021,,,,
Barna Bíró,💼 Intern at Budapest IV. District Mayor's Office,Corvinus University of Budapest,International Business,Jan 2020 , Present,International Business,Corvinus University of Budapest,2019 ,  2023,,,,
Fanni Böcsödi,International Relations at Corvinus University of Budapest; HEAD - House of European Affairs and Diplomacy; IDSA - International Diplomatic Student Association; MUNAPEST 2021; Corvinus Művészeti Akadémia,Tandem Programme,Erasmus Student Network,Sep 2020 , Present,Licence; Relations et affaires internationales,Universite de Lorraine,Sep 2020 ,  Present,,,,
Roland Doma,Procurement&Logistics Process Excellence Trainee,Eötvös Loránd University,Master's degree; International Business,Aug 2021 , Present,Master's degree; International Business,Eötvös Loránd University,Aug 2021 ,  Jun 2023,,,,
